,x,y,z,momx,momy,momz,PSD1,PSD2,PSD3,PSD4,PSD5,PSD6,PSD7,PSD8,PSD9,PSD10,PSD11,PSD12,PSD13,PSD14,PSD15,PSD16,PSD17,PSD18,PSD19,PSD20,PSD21,PSD22,PSD23,PSD24,PSD25,PSD26,PSD27,PSD28,PSD29,PSD30,PSD31,PSD32,PSD33,PSD34,PSD35,PSD36,PSD37,PSD38,PSD39,PSD40,PSD41,PSD42,PSD43,PSD44,PSD45,PSD46,PSD47,PSD48,PSD49,PSD50,residual_Variance,subject_ID,Group,Cluster
499,-28.096115291819356,-85.49498895630995,5.641740694464228,-17092.47005057344,-19993.116124899352,2564.485409856322,-6.009281275700266,-9.030753829091646,-12.145924695355623,-13.773941501183746,-14.387372710320058,-14.41455125077461,-14.15191873898886,-12.394256393659905,-8.377653032658761,-3.485179533280246,-0.7883972004333271,-3.660457501135197,-7.788016311977996,-10.293783299001678,-12.242628311888119,-13.452113782935575,-14.873980623512338,-15.201182214736216,-16.25531625318239,-16.577597528311216,-15.851252829155468,-16.127358387501356,-17.62059271722527,-19.128307980899017,-20.94695229779273,-21.64231825313694,-21.650548528713387,-22.06926089336504,-22.445481621509288,-22.378132409905838,-23.557435085336046,-23.83404925270994,-23.96446042714723,-24.136706178945264,-24.19729782663881,-24.78036692947828,-25.023284270542433,-25.31991603892994,-26.018255937608913,-26.193441678320056,-26.132015619198498,-25.985711411209525,-25.689989042305825,-26.339945808494605,-27.134698977474066,-26.92938619295603,-26.75983092486698,-26.604189792632432,-27.30093798045756,-28.472125651806117,0.04340338906416276,7,0,4
502,13.389384653979764,-107.526357472236,-24.83478662170405,9889.894090010597,-23730.92224960024,14016.25740157647,-3.90080776599865,-6.696269358348169,-9.470746120552372,-11.835274717536556,-12.729624035641207,-13.342069353787668,-13.819905732752964,-13.705874847047351,-11.948916587429606,-9.240859978285696,-5.7058102524663346,-6.966375284431622,-10.628714330042918,-13.447577739318433,-14.344191917768132,-13.806011129931868,-14.022003702249135,-14.593981124547923,-15.762861747232218,-16.02268781214335,-17.101460785759556,-16.276973313680536,-17.151580702543306,-18.297409262320315,-18.695725613587637,-18.662162868575813,-19.221435705736983,-19.684429859851626,-19.934071342337813,-20.247222115188368,-19.96732741188407,-20.339965898104623,-21.218907270066193,-21.300746235092127,-21.360885754692063,-21.485888393742293,-21.380510868992424,-21.133519932019972,-21.794466102176393,-21.92539688152966,-21.914171380795224,-21.184017898647618,-21.739881184778717,-22.66044929847345,-22.367908753482233,-22.55757898732671,-22.834870178848583,-22.380449396719136,-21.611013867854375,-23.28899015634739,0.10845446464482998,7,0,4
522,-6.687713147932482,-106.00517916896042,-15.04577367354217,-3916.6257040318815,-18361.411188620896,16782.240147907396,-7.9685164703381055,-10.386886736277663,-12.664990093809049,-14.32982901248154,-15.528340232785151,-15.969733003181236,-15.668314155301184,-15.346741835316887,-14.812201489232331,-12.974700638767697,-10.974753015687513,-11.04832170311451,-12.126937585337485,-12.942533815710727,-13.077385735229344,-13.756285209275072,-15.346139167456203,-17.182324207467826,-17.76916374348354,-18.215292788561797,-19.034751447932447,-18.76195705408514,-18.76487502285236,-19.19559300029572,-19.4327091705587,-20.097377969411426,-19.90930932497099,-19.854164388087703,-19.589667974352565,-19.698155150940377,-20.087141576930208,-20.36733500871984,-20.778808191299596,-20.643737752591246,-19.488980503757503,-19.631461553262582,-19.840000722638266,-20.470172949153973,-20.439854116161843,-20.837604661357105,-20.449669830455726,-20.90997522776839,-20.619936849836122,-20.207242510446793,-20.591611183124527,-20.599860201836027,-20.612412339085253,-21.127918691964208,-20.451313536129042,-21.55935393146173,0.023417154047225625,8,0,4
543,11.115241979405633,-85.55362742900975,1.9553072530921651,-3402.441486699217,-9930.735281451198,17674.295750794554,-2.5305298504872646,-4.751439478225264,-7.517393707628724,-9.06092123393217,-10.087762732278946,-10.555591940349196,-10.879967229737904,-9.352945504439457,-5.491880553378545,-2.2973083559832945,-1.8854397338465674,-4.265916210339869,-6.156056817096326,-7.329782933584264,-7.680984854304942,-7.905370388169729,-9.637428378800408,-11.400508257534288,-12.953629395227225,-13.976009345524627,-14.293908541546038,-15.178324856526885,-16.241978210233675,-16.953306360736352,-17.785637627472944,-17.975111043527605,-18.289398611700463,-18.96306731575368,-19.006913275866758,-18.709637265224078,-19.185711433243803,-19.83859801583504,-20.142237093773822,-20.613370997990078,-20.524519260216046,-21.244602494737983,-20.968415482785122,-21.166972347801,-21.37140631733522,-21.221516204962548,-21.480762671003557,-21.635813731054057,-21.507006314977897,-21.77666144061036,-21.857645533511416,-22.150792453027215,-21.92425943196453,-22.20691734434436,-21.78731565611125,-23.441302139246837,0.06708045023083346,9,0,4
548,-34.07766418048798,-103.1842037782666,0.9299186512933694,-5585.437245696778,-18867.720906245486,8565.79130893929,-2.3170423889953815,-6.360384788583351,-11.174122363236705,-14.069769867343123,-16.86960300951286,-18.251571114164168,-19.05466483379906,-18.91544790497154,-17.38522078604326,-15.454070480441317,-15.073830477874228,-16.329415438576422,-17.934816493123236,-19.55593860817627,-20.424144992377556,-21.203543980795164,-22.003936634508484,-22.544631392083552,-22.93362967072115,-23.404525021926794,-23.607922923568765,-24.107262683980313,-24.998546753974647,-25.511446061626216,-25.51018992119858,-25.656686341786514,-25.8370253183956,-26.052468461056428,-26.091826297251238,-26.05129252133153,-26.248132176815773,-26.460516485511583,-27.326876777953686,-27.359163235560025,-26.83793156164219,-26.727195793106524,-27.0439760877953,-27.268100703454444,-27.23088762295282,-27.245959185122782,-27.488195073461622,-26.994724074937043,-27.816123043503058,-27.803097761475026,-27.693680544090743,-27.71032121315942,-28.03557296804356,-28.267703019243477,-28.237651917001845,-29.43822769004759,0.07181957102827276,9,0,4
567,-2.999119230468789,-118.36148001961352,2.3419152403821912,1353.9095954341644,3755.9912377866694,5440.595864209527,-13.132261593744882,-16.421560681884277,-19.61293437344791,-21.506661285525638,-23.187147045909455,-24.009464912776373,-24.847392677596623,-24.72879466168402,-22.80586980488509,-20.351675149367814,-20.136974541390188,-21.165921687442122,-22.257126262359836,-22.873719217441845,-22.832003086119034,-23.277054460556666,-24.60994884562414,-25.97582984135005,-27.22822073221397,-27.705364816989345,-28.564229399476986,-29.272195271419655,-29.207024636211063,-29.239191348205495,-29.400731767645073,-29.80141818318156,-30.485128285910314,-30.868182816268536,-30.87116222591435,-30.804204767833163,-30.758261791525015,-31.061333092731758,-31.001337674955707,-31.35251054004315,-31.506798299253873,-31.41105542248786,-31.573522315060693,-31.92224026505135,-31.474135895487073,-31.34067582349317,-31.90184927311313,-31.967684325478537,-32.132474464319344,-32.18294836061006,-32.09214129796814,-32.36901419788278,-32.14782417744652,-32.29323061471983,-32.58179756562037,-33.02902950734574,0.1043305687525879,9,0,4
571,-2.5403326106306614,-50.62181597651095,11.463705447046825,-11537.486325168828,-7063.72787200881,12456.103066288399,0.3088950298319578,-1.7452543849856696,-5.141243703976094,-5.851871694662893,-6.787665222415073,-7.358837095034088,-7.393691844298294,-6.553459528916128,-5.134297898364514,-2.310167474798143,-0.5259478293262259,-1.3874797705026398,-3.112308760933498,-5.396248393897314,-6.363731260751669,-6.773152560368242,-7.568300994043106,-8.373543526367834,-9.056884670265706,-9.503666437289162,-10.106949712249932,-11.004561474428714,-11.909750536801116,-11.939150343510004,-12.6486284928216,-13.004098849860583,-13.6956060773999,-14.06998248671785,-14.200648197468507,-13.98533445745526,-14.179387069680804,-14.48663621118823,-14.791249616369385,-15.017057632099146,-14.975432274368753,-15.376352466609353,-15.386453909865416,-15.574506929508832,-16.284641566309332,-15.998153089752307,-15.802346903181334,-15.80146663544146,-15.628316839631893,-16.024022131051012,-15.955724467824862,-15.958931502499032,-16.055666589885593,-15.953603457828049,-15.769476190986262,-16.96407021805624,0.030712030723063555,10,0,4
574,-2.4617195583843103,-102.07568481080537,14.361614495221794,-17898.796185504452,-10770.520530332142,-2037.8137766193126,-9.059138519480417,-10.71058114921911,-13.55375691412625,-13.93962677140372,-14.426073022932883,-15.32837579809055,-14.76755194153299,-11.82523458100639,-6.421775813732956,-1.4430692696627987,-0.33954839793637953,-4.311513414719944,-7.95597631485199,-10.66832946679574,-12.06369571838473,-13.120826166049559,-14.566643497271743,-15.613518478221597,-16.036096658120755,-15.705955043384336,-15.318530974467606,-16.52688493679901,-18.963118434842674,-19.732627004571057,-19.83331452572901,-20.411541925859606,-21.098090088860886,-22.238331898705248,-22.854698831293916,-23.065670881169886,-22.859533056401208,-22.85845616592951,-23.4205596450307,-23.53068121950919,-23.803612855198388,-24.047038982875794,-24.57752591140533,-24.781163534889817,-25.17178008307114,-25.346477421390276,-25.577367746872728,-25.7671393423837,-25.591911400163095,-25.47511237140582,-25.682832202018005,-25.392628697789657,-25.494726577709237,-25.569306541976857,-25.53761953572154,-27.168889836198673,0.08633134886516547,10,0,4
646,-2.3504912528565693,-77.55588919415851,11.466645150110148,-7563.082521706638,-10678.340874925549,20459.44874686477,-0.4478192632750127,-1.5581546670289415,-3.4649482374250073,-4.416695398656849,-4.9870091689941045,-5.645905375799245,-5.269040582631392,-4.882559155965545,-3.9438763217026773,-3.059151132724365,-2.4356318151997494,-2.9766258276104764,-3.9261231619317494,-4.150843465324565,-4.822584992038239,-5.911751400881052,-6.646758105191176,-6.918339587713698,-7.551698709333302,-8.069989514927183,-8.58037414882861,-9.506634777124733,-9.677947200303473,-9.902200955071159,-9.90443117512397,-10.1538206167978,-10.073808081743412,-10.654835562111046,-10.745110496438963,-10.626673521880623,-11.024226885134675,-11.573261475382811,-11.796129106188094,-11.736141419729872,-12.3109233786896,-12.394086567319054,-12.48806322538524,-12.861228683152843,-12.876862856303342,-12.853983911981594,-12.573693735896992,-12.434109341660866,-12.39875773304715,-12.532260874231971,-13.136208800492017,-13.658370539988745,-13.344981749760429,-13.717915632986887,-13.663883402154136,-14.68741341733856,0.010985912756134473,13,0,4
647,-2.4325250345600757,-110.88728020144016,0.5005723480260865,-5269.143959788478,-12077.062455222334,2112.1594681522074,3.6324262103988936,-1.2837253681760257,-6.415657314039459,-10.48340617475863,-14.01902033313058,-15.211411043416456,-15.895481606331852,-16.037139539511806,-15.326968099043563,-14.279756112309059,-14.217632701841964,-14.21794673696893,-15.136678440183085,-15.167139858153092,-15.449493693084538,-16.212810009353895,-15.90696985499373,-15.792529012863405,-15.694206131947467,-15.792279613869976,-15.452746640854912,-15.399129254542112,-14.8451402318472,-15.025321285642477,-14.86184583917684,-15.312890115346473,-14.825788509404108,-14.400700206945412,-14.730667163507903,-14.650538326757811,-13.910356793164382,-14.768387106529604,-14.430103426533645,-14.096505643099057,-14.632817879465115,-15.097171905893408,-14.58830159197234,-14.427566167734366,-14.77856222987513,-14.692948233317974,-14.666523765938468,-14.485815755880653,-14.529408956438381,-14.629310150869554,-14.547324404973587,-14.653483238764014,-14.662593031762526,-14.684596617985166,-14.856731413398698,-16.20005824584223,0.008161578371590341,13,0,4
672,-37.55780889674154,-101.12937207786975,-19.129429767460017,-5102.950048007852,14984.878141499765,-9959.881509167355,-2.7360538998957464,-4.395319090053467,-6.9760017670781815,-8.617660809591094,-9.101718026932852,-8.57018685509901,-7.011898476234473,-5.090583961411901,-2.848647616874857,-2.3094865575919195,-3.9102331789314224,-5.560270333855327,-7.269259632507207,-8.418315924926125,-8.780071821775635,-9.864817019665898,-10.364720555578977,-10.598815512634353,-11.045520743363062,-11.035812512797285,-11.933071117961045,-12.805926858063483,-13.170185633489183,-13.127519195438973,-13.35844763969041,-14.293035265023237,-13.413703462250684,-13.2374427103865,-14.132889573762347,-14.735076724130813,-15.068062781678211,-14.942683645055164,-14.983543167706559,-15.562308096230083,-16.158420679719242,-15.93752906181306,-15.286393407335673,-15.745654669109705,-16.38654592528201,-16.06979210316903,-15.745191048904438,-15.887531653157252,-16.590658194163677,-15.879429346775531,-15.947912975320179,-16.29917977380202,-16.451268838221743,-15.847580776066028,-16.089734038680177,-17.604203442770928,0.0610872136698382,14,0,4
676,22.691042022940795,-98.6074333641676,-27.620187807335835,-44082.84686629107,-515.139217191055,7284.895390355754,-7.695995139137589,-9.242688894422068,-11.354461877668804,-11.971302892125646,-12.479470023003337,-12.427939838629635,-11.411566447689552,-9.062677432424763,-6.489917340764254,-5.745646720381497,-6.549879056738661,-8.2042619473296,-9.842053078988291,-11.214107239066431,-12.400072631189957,-12.880497826723579,-13.624302185152516,-14.601366041581532,-15.11649895205013,-15.58554713243365,-15.970668497986345,-16.92324234673378,-17.763903804121398,-17.526798587315735,-18.20256307819711,-18.616308956712412,-19.235720710655613,-19.429483099895624,-19.748880444390494,-19.706309085825715,-19.500241067758125,-20.136495825891533,-20.621478271958097,-20.3981703591733,-21.660541026975864,-21.651869950502444,-21.476873909661943,-21.403391156190217,-21.797485565528774,-21.992534884617598,-22.277555248923726,-22.24207956971268,-22.386102393161465,-22.562970944682842,-22.634709395028473,-22.51548262409074,-22.39327764060505,-22.399552212510088,-23.247665409682448,-24.56136446036926,0.07250720719784015,14,0,4
684,-5.018003679862811,-105.90341400818022,22.281394454434153,-1388.1362480823454,7030.248256671306,-9995.812528692803,-9.582552989902918,-11.449790378931832,-14.338711834678364,-15.712846918452081,-16.494886734260145,-15.929363157970219,-14.459831163600914,-12.829137552154044,-11.611680363808595,-11.549519638383586,-11.04267454760884,-10.317728924924305,-11.611920664566853,-12.745853957895099,-14.110283066716631,-15.893107796272929,-16.801006075320664,-17.34464943305476,-18.127160061537595,-18.261406963886365,-18.673830106615657,-19.68247448049094,-19.623385077871326,-19.553976656734335,-19.754388541614397,-20.200171073679837,-20.38679438117793,-20.549340608268007,-21.055200285279927,-21.529869075171447,-21.70037447651701,-21.457587181321077,-21.72533280566637,-22.138299804694434,-21.787344492983152,-21.882370535587278,-22.068718601488932,-22.416647528325335,-22.346082935654632,-22.33250317178829,-22.080600122551218,-22.07113385464688,-22.198427337585017,-22.30553868815673,-22.609728796065113,-22.905071104230323,-23.29804972774893,-22.79187141682418,-22.323737802727205,-24.301179446193654,0.025972579185457326,14,0,4
746,0.2723338375317921,-85.51291347390544,1.157362821201893,-361.3187823459357,-24999.591078679623,2654.516402982156,-7.424523789362155,-9.3255009000864,-11.540421294868848,-13.38059930989816,-14.560063620965781,-14.513562224415757,-14.299490188998302,-13.104024065653814,-11.516663961650424,-14.117854361042077,-16.03557762875039,-17.31525392159607,-18.163320313826553,-18.82932030451469,-18.868524706244514,-18.830369672404576,-19.07698803048957,-19.045043184895484,-19.951305603322208,-20.895317072844435,-20.5394600158196,-20.799977760215064,-22.009102944085306,-22.291816220089515,-22.127296901347826,-22.123084690737905,-22.42970868445955,-22.52728739361614,-23.200827320321473,-22.830393060547507,-22.873537481647396,-22.848661222186667,-23.042488063408836,-22.979015869259438,-23.11249561281199,-23.770445770151007,-23.68860716905956,-23.873763896025544,-24.035749641522976,-24.251678025589186,-24.423329150992267,-24.08712704658376,-23.987629553703673,-24.10903518178458,-24.633975542747052,-24.67807905476908,-24.857915369465694,-25.15471035166516,-24.762283449916037,-26.038433259549777,0.00619972655478498,21,0,4
747,1.1724102932272578,-106.5112592658887,-0.5647156578279484,-22707.3235638614,6888.951166523478,-11392.61997510317,-14.8048047510353,-14.656703991649852,-16.368670449253532,-18.477505259025726,-18.374332711437024,-18.596676442771592,-17.552337383434605,-13.956947392829015,-10.862241202914515,-12.350090914491808,-15.28134832947063,-16.86950990313287,-18.381253668893414,-19.373241443806325,-20.14880812563755,-20.480473186966726,-21.109056862233018,-21.14507307272872,-21.322030762976997,-21.75943400850575,-21.992885634151328,-22.55239562161374,-22.81710143881235,-24.145996265824962,-24.728028157931906,-25.607392973914727,-25.978176641389936,-25.846466588378988,-26.131051560776754,-26.6707988436667,-27.13460548950028,-27.293215624012127,-27.404900496115395,-28.06949327561756,-28.44030177698629,-28.151628462839394,-28.481826178087356,-28.656750129435466,-29.076637016931674,-29.50342069448301,-29.35609784533807,-29.513317711579322,-29.694917190104725,-29.783099335464133,-29.823606060293116,-29.45359165997345,-30.325679652451115,-30.47142944008373,-30.73368847026898,-32.51539076224838,0.02471875646379075,21,0,4
766,7.959930914696982,-90.23755396954888,-11.673876501359972,-4263.244698891214,-28366.839230705747,-4321.941345758405,-7.821358368568037,-8.775667355917435,-10.461230641330484,-12.115997936827847,-13.166581185430088,-14.063776976588702,-14.296512561416378,-12.205052412261814,-6.738393345363477,-6.834787609156536,-10.3133598401534,-13.446882898298696,-15.63510696118146,-16.241046213866326,-16.99609223520983,-17.134932632917202,-18.015745392557342,-17.29657858646624,-16.387422440253804,-17.348968082819187,-17.66403412466589,-18.41518681072892,-18.703517688469407,-19.436765252971213,-19.61621358503614,-20.070986985718335,-20.451081422954736,-20.82723098126607,-21.24357742554922,-21.6956803971159,-22.198091935892833,-21.904824599661676,-21.953400287122925,-22.56857701663092,-23.29020030372789,-23.216281640632893,-23.161854757436377,-23.180497298993565,-23.38729965024892,-23.602065370042,-23.899773148268718,-24.413457410060822,-24.245885207454947,-24.231325907426978,-23.702549894228007,-24.208888978077184,-24.148972750406458,-24.086907943853806,-24.40024393168228,-25.913540272737983,0.012233893232092001,22,0,4
780,32.8429037520816,-115.36780331558138,2.4364324691422183,-3537.8497521877252,-3880.5634551918456,30617.732952759816,-12.843940091434366,-15.573243989216278,-17.39431041667888,-18.85123375027712,-19.898596850904177,-20.632393729764757,-20.668320163470653,-20.14831156611791,-18.799199579856506,-18.41485616003809,-20.306492736078102,-21.51809089462941,-22.043241360158248,-22.606728197117647,-23.039105169335016,-23.34912055000807,-23.247925090441658,-23.555312669023678,-23.71734512467267,-23.22454242718534,-23.659607634063903,-24.123009720815205,-24.498600561413184,-24.9490742893407,-25.38133812981642,-25.25956536094853,-25.2947427554775,-25.624047103672293,-25.792183638070384,-25.868796943374154,-26.581155678348992,-26.73944785060824,-26.503430002448386,-26.47761987063566,-26.82306656662042,-27.26983258376691,-27.77287201158657,-27.140506090120414,-27.08222187874219,-27.452475557493507,-27.529828617206565,-27.39841228734102,-27.94862765482074,-27.701740152223397,-27.681915440208794,-27.84494349306231,-28.12479065878258,-27.977483771947533,-28.125555726380654,-29.554130201048842,0.1357258355509441,22,0,4
793,7.200204677098445,-92.5865538533751,-28.214661640541813,-411.3550948636225,-34602.68070426908,8719.398255486163,-4.357165758487779,-5.033609277261238,-7.015066984011681,-9.08142923194739,-10.126363964837626,-10.929127936003816,-10.520016117882829,-8.695463119770515,-7.111432750512064,-6.557700067079795,-7.940317263732755,-11.014623185875461,-12.786777726726964,-13.845264945280055,-15.007702942514506,-15.014575682373374,-15.437462528309819,-15.248573014290498,-15.018904035412874,-15.984524229233617,-16.02689523057104,-17.016338505690577,-17.448776131242635,-17.89940753244635,-18.144489381323673,-18.772071802785753,-19.251179356778426,-19.075305694171153,-19.20447761967044,-19.558024244930827,-19.76200353980595,-20.27986653067158,-20.7517438041761,-20.980977174480422,-20.874805116427094,-21.039699165803345,-21.330339552190246,-21.30584942559581,-21.849063828881327,-21.8568465617845,-21.761272290065378,-21.948647049398147,-21.91297564875399,-22.025323182237315,-21.90044851626211,-21.881711552685374,-22.161196520138397,-22.150693805812928,-22.280126831037652,-23.67646604837981,0.010826966198138522,23,0,4
801,33.983050004604515,-98.4474830950198,-5.253327582323826,22001.03169147249,-2339.9334550581007,3267.3274615869377,-13.46820700582062,-14.14459183625855,-15.15829104640472,-16.45443314576307,-17.61085936173727,-17.985336482117283,-17.64327621093046,-15.48005814292264,-12.229202323795466,-10.744257049965775,-12.309811123617067,-15.33612639881633,-17.68892963372258,-19.075472040059502,-20.073752545511702,-20.2510313393163,-20.365484614314706,-20.3622939021392,-20.04782568065861,-20.397508920476092,-21.894150717514904,-22.82355744708832,-23.023875576055623,-23.76581652892022,-24.102887646404227,-24.632683977710585,-25.1334487077456,-25.036957667929343,-25.513538194449062,-26.555859130128248,-26.943307770796476,-26.386979540864132,-26.662740489553197,-27.441563393166053,-27.67943273567298,-27.385735582220924,-27.98311391943067,-28.39266176430457,-28.716256137944754,-28.992727174640315,-28.97346158218553,-29.210803635097093,-29.434580383314657,-29.37446762979922,-29.683004220393677,-29.815956330452074,-30.0016851120721,-29.857767850058003,-29.898098985878804,-31.323576126401633,0.03794986592722837,23,0,4
823,-6.402153674609349,-80.20783885504754,-0.908528014420459,-1308.9378022267697,-27918.54507182909,908.144795478855,-8.676703562349457,-9.180377549017107,-11.05196070059613,-12.217103535253584,-13.30526587121117,-13.740883687877385,-14.297223939342224,-14.610124563663756,-14.159918046673596,-14.059162220526495,-14.861968456479515,-16.486660595091337,-17.317254926417913,-17.98696935408369,-18.14343848858219,-18.001493401417683,-17.918499038745445,-17.751612366458236,-18.186866824627725,-18.870768133533996,-19.070107328306698,-18.974333602541908,-19.32144009545928,-20.387361107938343,-20.626546916132142,-20.672011889408772,-20.52281458519614,-20.694982174719556,-20.657344721380355,-21.21984032437627,-21.18782892902214,-21.450875361753926,-21.1666801146983,-21.147435918585444,-21.627107964180787,-21.74858273346598,-21.90989503408894,-21.78115593368263,-21.81880533674868,-22.232712323935683,-22.681814748517745,-22.39357735143586,-22.140742306004036,-22.455694793657237,-22.838608901426646,-22.36244579502582,-22.116258496913737,-22.577282073860427,-22.835120596326938,-23.957210177810072,0.014231411268958478,24,0,4
846,3.528136310888055,-79.2419542799648,8.674041915348758,-503.48109568998007,-27937.749744822926,4864.243773391101,-6.277008166531518,-7.23389824459058,-8.984405768307225,-10.9400367516003,-11.856852195205192,-12.736266332208627,-12.924221758460458,-13.062609785458362,-11.142943952384016,-11.35272300349029,-13.055532499181217,-14.253947436605337,-15.71252748153549,-16.405900161464146,-16.893001801867943,-17.00373063946238,-16.93792940652695,-16.911198993896303,-17.279963332792775,-17.858324911068785,-17.9083696487988,-18.15986754902256,-18.44886080555925,-18.89928881884582,-18.975321333908404,-19.669481305895264,-19.8606106091624,-20.121184007383416,-20.176976879678605,-20.06463619487532,-20.223321310322916,-20.68154433563886,-20.44356139961296,-20.619999106865407,-20.788786147493422,-20.806200072345888,-20.70390916363384,-21.370627028155788,-21.7324285670244,-21.408712343718015,-21.336644360295217,-21.751176551821825,-21.484694420367653,-21.669003107136252,-21.646676493557678,-21.617692555906007,-21.939850759402297,-21.653116159820506,-22.14105791459762,-23.555460534638925,0.01464793151461688,25,0,4
872,1.4890755669803697,-75.22453989338737,-4.2266811622930645,-2798.596411871403,-29519.510155608543,-949.3826788427089,-7.056113476496929,-7.605008750316045,-8.618391152401216,-9.86217802107536,-11.330314036503804,-12.0529269216372,-11.824565886621514,-11.222820154514185,-10.762680738872795,-11.333737794322884,-12.925103163429277,-13.91517264858134,-14.552616118080264,-15.62155285468351,-16.242470932617227,-16.14678928312714,-16.04970593573532,-16.10367262862855,-16.719151319036655,-17.724012228848245,-17.701401936784606,-18.056460123241518,-18.384190350787485,-18.569904450071213,-19.406892692832017,-19.578241479373023,-19.41973402559591,-19.7625896779997,-20.017136235848337,-20.49863417910195,-20.992695427801507,-20.612521454503273,-20.64514636157344,-21.325432749211693,-21.456118669948687,-21.42942880980113,-21.68979773251975,-21.661278923227126,-21.03672425904104,-21.4569307583772,-21.82252464336328,-21.928628563314255,-22.185852300002725,-21.997319273524546,-22.0458196274668,-22.134477572092734,-22.335724678342864,-22.442306659289713,-22.154406262519736,-23.61554282965921,0.008420555063172533,26,0,4
874,42.93396118880323,-93.06597889835913,-1.5717434596741577,8592.458375738557,-14872.905623694161,-3974.7245127956194,-9.778323268043337,-10.118611347837781,-12.11227512588274,-14.13408773116264,-15.731285221928463,-15.431779834908424,-15.008991361351512,-12.389345272125977,-9.285298904956452,-8.764383202398394,-9.873734032880924,-11.789344917124232,-13.64378935568073,-15.64418639261991,-16.970363875293618,-17.27427086983741,-17.71527263445277,-17.680805839116303,-16.988636397052545,-17.487786323704956,-18.369239768377685,-19.45553523114231,-19.77782341401396,-20.371978885067993,-21.07911174035535,-21.54082126277762,-22.079346444320574,-22.641613993765354,-23.136468974709082,-23.267123906752865,-23.406925270333723,-24.009820009171015,-24.49893074616174,-24.786937616029334,-25.102339188233117,-25.75352730584629,-25.784915613959196,-25.94044332989467,-26.03687695501369,-26.291650154362806,-26.35731135648375,-26.588704709267645,-26.726064773042335,-26.918518867997392,-26.804436818527346,-26.824196916190743,-27.442955715245837,-27.57650601694869,-27.53238632460065,-29.0150776693769,0.0076130819565129,26,0,4
901,-27.53726631653741,-103.25056101703105,2.52860128159137,-3013.0096559413987,-3480.6473325266024,27226.379532452465,-3.5552591523359083,-5.739456280781231,-8.641036855972999,-9.733487254342638,-10.762606129425851,-11.349500388035342,-10.615651830334691,-9.423603993733549,-8.973415993395848,-7.72970148260799,-7.798764075929467,-9.114242057017663,-9.146212026443102,-9.615837564723531,-10.58988001657724,-11.246637308687239,-11.37797561750098,-11.393942824758694,-11.453496017481177,-12.015988630622159,-12.752285719502826,-13.53530357750785,-13.766281409693232,-13.93935693774484,-14.479562287166086,-15.103558571521772,-15.564817533268156,-16.051333765609733,-16.372130328734283,-16.42429998620392,-16.564361465625336,-17.201119041120702,-17.602425722448366,-17.47357946464982,-17.474008113097224,-17.294795002209046,-17.68910584358209,-17.65257828399142,-17.491448951763637,-17.937456416672525,-18.082168804610316,-18.081508255568586,-18.24520254722018,-17.95727760914157,-18.16501228717879,-18.292305232375863,-18.695992870221904,-18.333934412972383,-18.56017045094177,-20.09585158235735,0.0344070401628892,28,0,4
952,3.0867207236974146,-104.10948284079291,-0.4320617176865549,-2020.6330474980664,-10652.651627079318,8794.706108989674,-10.863014173389791,-12.873303685360808,-14.883417521584184,-16.930344024437858,-17.657995036203697,-17.983352771935003,-17.390469267190714,-16.929450683583624,-15.074126356668643,-11.514295742166599,-9.928602489548012,-12.88936014763115,-15.682216638640478,-17.66834307105897,-17.88806953300914,-18.077119673293762,-17.812583492300504,-17.550378604249296,-18.051460891698316,-18.44843978523954,-19.039083555319248,-19.329880115215207,-19.54386473134699,-19.764700877639953,-20.46008961279768,-21.214033257972606,-20.904271833828247,-20.714637932305642,-20.98864193624896,-20.77331477247805,-20.93565086963315,-21.509552835151098,-21.20175398376693,-21.492701913067002,-20.848940912262695,-20.721692199291745,-21.455445537094263,-21.789626534021338,-21.415831248939796,-21.513843087992704,-21.36388721954723,-21.371550051295838,-21.368759841565087,-21.426499282002744,-21.406258090038325,-21.75100138117516,-21.905014560101208,-21.81574703241262,-22.120399133638145,-23.165689979402163,0.0760933402869726,30,0,4
1019,14.065669433006576,-102.22808959368692,20.60436316049458,-36323.56947320702,-816.1135527746073,3626.6859687268507,-7.293923485236196,-9.12328784175069,-10.481173371611334,-11.289657241177995,-10.920618488750113,-10.271889783988135,-9.192463789493226,-7.598854157537951,-4.5179357846891595,-1.723058175285347,-2.796408718301725,-6.446521994853114,-8.735041656241325,-10.178126618750628,-11.133468056298259,-11.772605170761167,-11.581533149473364,-11.125495714671644,-11.017914647158262,-10.728111959529752,-10.697403399452575,-11.894563102945488,-13.369252472622916,-14.361952940715488,-15.333826132422182,-15.439918704770195,-15.2412011393648,-15.477125223499606,-15.62523396241776,-16.05308020353852,-16.196834663567635,-16.22896936666916,-16.942394874833788,-16.963008298735765,-17.176117863069436,-17.4983827945984,-17.834900027878234,-17.863411223987544,-17.510314729231197,-17.749383379108075,-17.743071472037542,-17.710424460997427,-17.37967865803793,-17.368013200804754,-17.85377449546678,-18.29869940183254,-18.0147926334294,-17.964378561744965,-18.19068695658594,-19.414961635788927,0.0064727674764809,33,0,4
1049,8.05112837323947,-103.93413754680863,3.383981771878252,10668.850239843043,-16870.292781218024,4001.7893240921017,-5.334234516293907,-9.469401479767757,-13.74047367329094,-14.625521187478823,-16.82359532559028,-17.383529517663323,-17.698725862310212,-16.539605469249516,-14.850106632051038,-13.449765928170695,-13.221077753927855,-15.95572100709181,-17.663594220731465,-18.702031132938394,-19.181551649802465,-19.190079646454954,-19.29946808400239,-19.494660651325574,-19.443830159596484,-19.436159680635466,-18.75479008889506,-19.114187652751216,-19.562889426251047,-20.28367020061319,-20.673005595221625,-20.54930956217997,-20.863202070451923,-20.99874369887533,-20.643711972498142,-20.222574986426554,-20.66082549151207,-20.55990687305821,-20.802073745350075,-21.119756296014852,-21.02217045990458,-20.959943356764562,-20.79285179384999,-20.867882510149272,-20.83236130463991,-20.549841369537518,-21.044634201840925,-20.74107633717716,-21.013874885061202,-21.01046713962278,-20.92339320217047,-21.016994453092998,-21.016406998071893,-20.811639927602954,-21.13529461145252,-22.625223125142718,0.03378032643287735,34,0,4
1131,27.037245401395655,-114.58259237929846,-28.343118992194203,3230.3979530713577,-22975.567645968138,30862.469537609755,2.243510751072683,1.1480680801684298,0.0953180089324124,0.3615792844771596,-0.7373093904957085,-1.7733879707611264,-1.9361079943726356,-1.7050477014326715,-1.2154695048658577,-0.1900649749013847,-1.5132150553233181,-2.9622650307797977,-3.7420584290173804,-4.3600733814302215,-4.621487838010248,-4.837474344987553,-5.248343514067331,-5.091590679653111,-5.347203814433266,-5.96502057352304,-7.004168791967151,-7.35167899690976,-7.6330153415052004,-8.317435861475758,-8.951001075537134,-9.490542131543995,-9.973359424585947,-10.417011155551311,-10.2576934604442,-10.654170342902923,-10.974242656036733,-11.097627574686308,-11.591124711801612,-12.19493439065676,-11.88527273875502,-11.830634439841095,-11.318089764319613,-12.000677873883072,-12.43102654193925,-12.670388238067183,-12.739828251826278,-12.825477578006652,-12.310315978861654,-12.688133255046232,-12.686342898837601,-12.473603498612164,-12.529937268162536,-12.60297380458229,-12.662278334021943,-14.034763296224515,0.04183130350273512,38,0,4
1194,-31.249324859359735,-113.7537728689063,2.4718561862245263,1328.5387079545262,4865.380458078868,6148.447643972306,-11.30417426862607,-15.322782670370515,-18.474456409040446,-20.650844626148857,-22.970450190240655,-24.349305114681208,-25.057898213518882,-25.570554832732867,-25.855314279959597,-26.475856995407344,-26.196671470633575,-25.957722226587748,-26.833259143802053,-27.555803066836106,-28.446012625367413,-28.54056165970193,-28.669562915060368,-28.750565682560186,-28.777828947504098,-28.595944687834944,-28.750840026705916,-28.896820735436386,-29.564167010831227,-28.94542781373731,-28.60532354567189,-28.578061802803912,-29.072286373795322,-29.60915085042595,-29.83194764076922,-29.67677879738176,-29.45001610470033,-29.04251075796161,-29.6378798286505,-29.237579387697483,-29.149369556848185,-28.71935445544292,-28.794123262966064,-28.55016168295765,-28.95735852733676,-29.653952804153626,-29.16519252952027,-28.88185103515479,-28.513689843977588,-28.366151466228157,-28.734002123676884,-28.258923779548887,-28.21622705041683,-28.559855845479643,-29.367745294655133,-30.348421228018726,0.06294155803549027,40,0,4
1214,29.305696316952112,-101.9665125717859,0.33912949343556437,-3766.375428307463,-21942.875188527913,-5870.96232609865,-8.01652360027483,-9.390527452823132,-11.30799388315376,-14.15157958342979,-16.010885269376928,-16.666224825887802,-17.067081041948537,-17.825325515825103,-17.39718080166472,-17.304331874561786,-17.970373984524695,-17.32858054328465,-18.002187377968895,-17.576402678597567,-17.327700544849435,-17.502207783321907,-17.761739844836523,-17.299364424450843,-16.74598578588563,-17.273109555324503,-16.74478173228081,-16.129809632850513,-16.774083588645826,-16.9917226804668,-16.481568656653053,-17.010058235815976,-16.59546629566369,-16.274364929724324,-17.45660954753398,-16.65688066359728,-16.828728127954857,-16.67718501264862,-16.349588654615175,-15.582876001178047,-16.242493099204506,-15.91528330979209,-16.11229746343223,-16.94971914784916,-16.32223513353935,-15.887076774235279,-16.15726129079786,-15.90209258912398,-16.634499535055248,-16.765358022246115,-16.729515096237794,-16.85778795069696,-16.591115532735696,-16.24299507542588,-16.51003161806369,-16.596345217783522,0.027087010157454298,41,0,4
1248,-13.506433291975197,-83.31586063128823,17.81148003785864,-16216.13336824318,-21680.009074266218,-2681.8555351993778,-6.032224768107928,-7.154880427325123,-8.4119444125997,-10.53038449891213,-11.580173434753604,-12.2273216817974,-11.73372409590395,-12.073409926319565,-12.182109773221597,-11.912341083898973,-11.715820478403089,-11.847995890065945,-12.089768554637674,-12.325522572668033,-12.429194764796712,-13.003716415578808,-13.10242236761362,-13.504294106136188,-14.242303307390278,-14.728451555496175,-14.436829848332879,-14.064298628548531,-14.191983089889806,-14.147461328278537,-14.269591631223113,-14.529507692057336,-15.30994876983277,-15.202779773514834,-14.418400318033878,-14.452699246512193,-14.496219898764725,-15.001470445800873,-14.892782994145131,-15.017671557494111,-15.336193042251583,-15.400523131668852,-15.307398795469492,-15.25023955208178,-15.010063757206261,-15.219017559626089,-15.100680376960973,-15.283671379093223,-15.728445074778907,-14.944377698771182,-14.869301050775148,-15.186168349668614,-14.732688488224383,-14.873752672601832,-14.719132817522224,-16.386841735992284,0.027788295914257417,43,0,4
1262,-27.237756576521946,-109.44277623690176,2.571424968862888,23743.422833740333,-18845.443229900902,-13842.20142024033,-12.329848765470942,-14.831169528194385,-17.36438477153953,-19.403585999469865,-20.181837385967253,-21.05324920334292,-21.419881509747313,-22.033924350312624,-22.10720857707606,-21.662252576877854,-22.318471978791994,-22.421053959142718,-22.55675974346253,-22.777075150397668,-23.450783683592956,-23.600773407352655,-23.874509777772115,-24.25239361865558,-24.548581082247466,-24.883861693489976,-25.242215699515395,-25.27849652776217,-25.24709824529379,-25.347613792587914,-25.11226069377087,-25.27170331530351,-25.335571892528105,-25.453309053027336,-25.924150457154663,-25.632373793230595,-25.719340689971503,-25.613178458777718,-25.98591065744725,-26.60366593926854,-25.99271298748764,-26.009817738279587,-25.877787696878812,-25.528979303592315,-25.555975079339284,-25.967778024028313,-25.9863419083522,-25.68053478131975,-25.65016027551588,-25.87026214437418,-25.887655791692076,-25.57859064691334,-25.547880850000844,-25.91533103508165,-26.03249292799483,-27.093614686146488,0.14973056157296116,43,0,4
1300,39.425136926498105,-94.14229194619537,0.5370542586552027,22485.791110751972,-33960.82718677037,2749.2896792037777,-8.03819061237349,-8.93414528489862,-11.102614749364006,-14.276094361227866,-15.391553476116904,-16.69439919267796,-16.947660652309494,-16.503686697149238,-15.865565853890685,-16.08364223185192,-16.03131045614184,-15.08576467900414,-14.571036661978036,-14.638253729161155,-15.505937808999935,-15.369845896118388,-15.992720657552674,-16.43058202901177,-16.695328169677033,-16.89568079779711,-17.429049688834453,-16.839783302882033,-16.584875873513166,-16.419498193517295,-16.718043352594684,-16.24913723357559,-15.975907562888388,-16.08854767191105,-16.18593771786257,-15.993725647532715,-15.94912275089634,-16.159200282761677,-16.537501323234714,-16.913569403376325,-16.046728549003358,-14.931035129134822,-15.470805040141972,-16.15383419663655,-16.46278340019468,-16.413736580034897,-16.056801522314647,-16.10644481892689,-15.454747597672775,-16.05918695589285,-16.65745957195004,-16.29600886520796,-16.62995275600608,-16.5747802506612,-16.25392200286846,-17.935381518771052,0.026522782599125095,45,0,4
1324,2.7948666579758923,-108.9755612908024,8.711657952219955,-3136.415300645521,-30404.739552949028,5611.4525189377055,-1.671688244573476,-4.325619079978673,-6.362918460817401,-8.569762068455098,-10.865982032718657,-11.77446201443306,-12.621569616505317,-13.82035821674762,-14.80147636765772,-15.775635558197816,-16.07621420499228,-16.6467674092446,-17.278974627594113,-17.39674504457301,-17.242110124854154,-18.728150746309986,-18.58166704045174,-18.40356944195436,-18.720335758032405,-19.26711198245779,-20.25760325955008,-20.119645836093177,-19.994643444196704,-20.84206714685225,-20.736481864558396,-21.363407325766946,-21.807304882788003,-21.8959670483028,-21.73512353872759,-21.981446610618836,-21.777768854474353,-21.96342065294496,-22.215948133163508,-22.192647746825042,-22.201268540470316,-22.44890869214618,-22.51606723109529,-22.97059732021289,-23.117741137062964,-22.89652188741779,-22.74999058009348,-22.991982775179117,-23.29086070686241,-23.74704296184138,-23.766612374081568,-23.75295206296653,-23.73188690010613,-24.2261888126421,-24.22876570460641,-25.55495382651596,0.145815629275371,46,0,4
1343,9.25968996188738,-104.02489760355509,-3.4634723575150885,6586.68324221524,-12025.709529007469,2578.581998924563,-1.0772656796882956,-3.9738256154717417,-7.040596699710539,-8.465235602436032,-9.317876232140442,-10.482099007585896,-10.420649794330142,-9.250245842960362,-8.080810129708993,-7.742529630704038,-7.552543969902363,-7.568308579722753,-8.169360264768464,-8.8744781698895,-10.035167060430979,-9.487252208995425,-8.841454018788308,-9.040857350598863,-8.874583483570387,-7.713102912895229,-7.236536600561426,-7.665233002423911,-7.736831724966297,-7.170605511754441,-7.7192607704152465,-7.714231059987602,-7.522735561735327,-7.78443090949541,-7.646738261852506,-7.860955165031898,-7.3847551776604625,-7.954502440634262,-8.140220598695594,-7.879421274250095,-7.829732196195332,-7.709470194145998,-7.856934334815948,-7.694258058864481,-7.839932101637669,-7.996172050703323,-8.16203921997643,-7.754337287969923,-8.201971260845202,-7.9981572373428005,-7.8836214781568215,-8.152071502791552,-8.132189812057609,-8.210203050941434,-8.591518510231616,-9.460460264836525,0.013810428094042591,48,0,4
1344,-25.665171122360377,-98.26669404701276,-8.846444681861499,-7610.815183984634,-17953.357755330915,698.4105345231305,0.18858283577945523,-3.0229858346943845,-6.236593221392971,-7.554100478327919,-8.580879122154451,-8.955624308420688,-9.026407347689037,-8.312613316247326,-7.23423714008417,-7.557764723672897,-7.330148949135245,-7.89159789577133,-8.686854648899386,-8.861775363253813,-9.335545012181209,-9.262136585606832,-9.379449579651327,-9.248560311684464,-8.467380690961035,-8.392748936350964,-8.908147137696895,-9.369258689009586,-9.297753758010417,-9.383336236691052,-9.244147431731477,-9.127809788698254,-8.720244556169469,-9.164621607128073,-9.649527412457052,-9.308765351380009,-9.721213594594303,-9.992799333389247,-9.518790572806239,-9.40753677144955,-9.182943031947593,-9.947458643215912,-10.238256812427842,-10.041935568818772,-9.78145806410251,-9.08130442639489,-10.009973090258724,-10.318330337049964,-10.142435738214006,-9.728522374850481,-10.123164300127689,-9.546948586543278,-9.685192079417694,-10.162928505051195,-10.692759240983422,-11.561157989337492,0.0037092884533292863,48,0,4
1413,-22.619963574664194,-103.096102383893,-13.464463707869015,-10648.097996206812,-20963.711748227994,2198.6665719131543,-1.967136527814206,-5.553357519946454,-8.348136023422628,-9.517517190153113,-10.303732259634694,-10.376131376561098,-9.185217822877092,-7.242313847736879,-5.515304507365886,-5.314367444892762,-5.564403626622267,-6.388772751678916,-7.9031493026701,-7.82824531906588,-7.564104454665287,-7.5456373621153885,-7.8051951872020044,-7.766954875621012,-7.489754039015234,-7.8711476380487655,-7.834012203297034,-7.170387950631193,-7.578822328896521,-7.706403648940896,-7.384997036323382,-7.395589666923852,-7.7669564647777065,-7.604477761168083,-7.629455234280914,-7.758032447186498,-7.607401422064473,-8.011947098254446,-8.021101051835418,-6.8795026478771515,-7.665294466813869,-7.659802480405714,-7.928668294718898,-8.00507744839132,-8.420443798931306,-8.290850754182063,-8.59747180651715,-8.36041087714593,-8.340294209551914,-7.92360933457905,-7.927473057070834,-7.762404643818218,-8.133802399912337,-8.719447939875078,-8.524568618222519,-9.55428678882376,0.003608096724504057,51,0,4
1445,38.534894423642875,-100.75232072759577,-0.24675324799891676,341.68343508538965,-17413.0970202013,1369.8860989889515,-7.342589108246511,-9.818377112517453,-11.77186698598206,-13.381592850445841,-14.935809249050656,-16.679609202330756,-17.791719512717833,-18.657204038536005,-19.051822234304538,-19.083927876455807,-19.29238697422615,-19.434168117381148,-19.626937977918804,-19.689280498323477,-19.59771008358528,-20.02050472207225,-20.75516732281999,-20.67893024875831,-21.48494403015765,-21.962424926146834,-22.576181833892115,-22.593172790724484,-22.75443627832165,-23.33706418239437,-23.529865898838214,-24.10769405595826,-23.866140011874588,-24.684671092430822,-23.64520146227235,-23.052174135092454,-24.157052556447177,-23.145782328190634,-23.26814466339971,-24.714928055937424,-25.35979323364153,-24.038633495106904,-24.671647826597912,-24.09999357634975,-24.116104766995132,-24.47710547923795,-24.004084988134785,-25.16732424785156,-24.397130420389562,-23.720047674364878,-22.68176156625479,-22.331492271417048,-23.79247518698458,-24.217223772199947,-25.45253678411463,-26.05787141304653,0.04642353320925273,53,0,4
1447,-34.51731946064185,-103.33863542434838,0.43363923981195795,2035.125238078462,15732.24889505485,-10445.377389630374,-6.2941330146938945,-10.548011716970652,-13.771559723123744,-14.343770135294019,-15.788478091622638,-17.647322701004924,-18.473066194953333,-19.276758793604614,-19.53505240226528,-19.844881039498677,-19.889767228819892,-20.00263120858058,-20.01858574811947,-20.449693906450513,-20.818242596912036,-21.647769151630314,-21.643789684718268,-21.83661961256622,-22.396809218466075,-23.05038591918438,-23.586116511319908,-24.17040255606686,-24.072576084041437,-24.620093726408513,-24.524342263631528,-25.282727852871155,-25.261864961086445,-25.019783060244283,-25.421469910796688,-25.74499956288434,-25.59035807101893,-26.016178037091443,-25.937373873599125,-26.680111559992156,-25.866166371684194,-26.78659581201493,-26.94738951603984,-26.80473237329384,-26.300335698900007,-26.503447974782,-27.027820780571187,-27.260135729555902,-26.30913587210469,-26.49908461304659,-27.340061000441885,-27.96934446099786,-27.931458362593812,-28.033388368292783,-27.577105280328986,-28.69790009560281,0.046318368537117426,53,0,4
1473,-15.673637365789139,-96.291233473508,15.533124127204655,-26464.58237928106,-8352.92300637556,-1947.6796299399946,-7.578760097630914,-9.284113723683939,-10.571206636822154,-12.308163234302672,-13.958726366299942,-14.067518472827425,-14.249174062033145,-14.255904521666167,-13.86385770697549,-12.09014546796303,-12.01077316634767,-12.360325212267716,-12.568310195031518,-12.488008040601246,-13.045758965453548,-14.010001734501618,-15.012267744251842,-16.19773000925197,-16.996871770659332,-17.923943044827123,-18.343909303460677,-19.262148781294375,-19.969701511871534,-20.708748686609898,-21.15897622151865,-21.32786916038887,-21.744895222989133,-22.240942784128098,-22.810229474689837,-22.709358495979018,-22.711763923383472,-22.994682289993005,-23.272839011847918,-23.569492392852567,-23.57405217184774,-23.563367483808687,-24.302959186175237,-24.451239874403285,-24.52050138483902,-24.20797055069121,-24.985687676087387,-24.92924484472826,-25.079988518597432,-24.502233754132206,-25.01773994969836,-25.26912537260816,-24.7933326161403,-25.393183818682527,-25.691669818444876,-26.68542605637856,0.020114373656473044,54,0,4
1479,2.4327174866943317,-115.18999166814943,2.869499350735364,-9216.917470171946,-5801.354916045446,17766.96791577569,-13.238465673544962,-16.193366866151823,-18.330674264698523,-20.319369862975137,-21.547414596655614,-22.50052505190918,-23.07925151138511,-23.384202897223464,-23.88222320068219,-23.883926132261696,-24.1794645679428,-24.433133645360602,-24.552769312236986,-24.283306985754884,-24.131705322422548,-24.916337410000118,-25.691911778645924,-26.273352536879166,-26.97413391554447,-27.583839283436006,-27.913868144775165,-28.790243392868344,-28.793026943231318,-29.048281676853065,-29.49970043492233,-29.325764262325947,-29.870335946871492,-29.903287360260684,-30.170811979464677,-30.339416501909543,-30.352733758797328,-30.602732038496164,-30.935729067131916,-30.82151278442034,-31.34913181923951,-31.47324309326674,-31.56502110327977,-31.896783726336903,-31.687939215093017,-31.786178188654432,-31.717911346296308,-31.516913348006934,-31.684873430189246,-31.444987545574314,-31.972417365676495,-32.10579418205728,-32.05216571462725,-31.95931268666875,-32.194462693450525,-33.40460261679331,0.10032476414451122,54,0,4
1487,27.805951550536875,-78.81146091037553,18.744290460997366,12350.824802322808,-18702.221299761244,-10653.438156271419,-4.293982798203191,-5.574601557039271,-7.200000731177756,-9.076752997097973,-9.883742743514802,-10.302607455738336,-11.21767885538604,-12.08127193059089,-12.132510606994668,-11.281740514343774,-10.956661270122224,-10.614399137045316,-10.879791486476723,-11.551505702488987,-11.412596509338949,-11.675711642620385,-12.04513036229618,-12.80389837174516,-13.699542068850514,-14.790505689548159,-15.303651147409507,-15.718093543477105,-16.356169162791893,-17.306639595477222,-17.720426661601834,-18.17830947378094,-17.987860634245166,-17.877357768233203,-18.311663275673496,-19.12996451957852,-19.62220450569712,-19.582213954071126,-19.986028517425,-19.68841529416037,-19.86242304137638,-19.655371040778068,-19.570364575306243,-20.14283922069162,-20.31920972286654,-20.46308722853903,-20.374744155438698,-20.365780209883503,-20.74673676553655,-20.670746308467628,-21.037664984968096,-21.08061030687172,-20.39137527860687,-20.76203308494251,-21.34396716530052,-22.670470918537138,0.01773168355317682,55,0,4
1495,-1.1503327523875422,-107.58792311624235,2.8428095894627465,1073.5208996784888,-30767.727401270902,11022.114476418039,-4.964248699808813,-8.475752249092505,-12.686566711984323,-15.512775478120421,-17.38708404395974,-18.853964559283153,-19.994519195149493,-20.89289934784535,-21.68983122985407,-22.5334963975278,-22.700583405504062,-23.2224059918589,-23.435295827553098,-23.302642811235152,-23.70474323366457,-23.750373432852363,-24.130984919974857,-24.833919511809,-25.191209854998768,-25.95318948717226,-26.252971622052563,-26.70885826947692,-26.7475625966803,-26.928712399773552,-27.249644041195864,-27.865454668006606,-27.897701591789087,-27.86965209046574,-27.976576184242063,-28.36341415177519,-28.524362996074224,-28.532593941846574,-28.408140160076595,-28.10605760881628,-28.180821019681797,-28.071272802214846,-28.621212111185258,-28.72995362452821,-29.19550833094169,-29.005427255460326,-29.010530447741417,-28.940440743963613,-28.80424464669221,-29.15729380838006,-29.406880077791673,-29.90462497484365,-29.41867277093426,-29.548381342606362,-29.285187160805428,-30.779793004274985,0.05241384084302345,55,0,4
1498,-29.373158965063915,-113.65992222459427,7.135069680499858,-3943.198331544023,8487.061644006833,-4394.571390302491,-9.386857555408817,-11.488115131015835,-13.740610954535814,-16.06546337483166,-17.737609742670784,-18.773416450103365,-19.24226152992963,-19.719931482438273,-19.865250838978763,-20.209192359416953,-19.911435559071684,-19.511224426863492,-19.787958671914385,-20.540581718888298,-20.70951403932979,-20.910104830168066,-21.291146422420518,-21.813475172872565,-21.968183532988625,-22.756565616687446,-23.193785958258673,-23.830018501040403,-24.454851401298143,-24.47427714413504,-25.256511718460093,-25.36064752090699,-25.63137121038237,-25.689018184277572,-25.82091597529809,-26.23457003018619,-26.657359001820033,-26.87133638122682,-26.60297277876287,-26.350597238549426,-26.80259409967753,-26.876820093865174,-27.25823972429304,-27.610355584820553,-27.87501532120675,-27.644240325800496,-27.709516898058023,-27.509491161297458,-27.906693288667775,-28.52587216403314,-28.21027624630168,-28.675821007727336,-28.293126649640243,-28.287943364408996,-28.947567361014677,-30.22036149793245,0.052897071065435765,55,0,4
1579,4.5062506758127086,-105.39561791453902,-2.9699312117518577,-17377.389261720444,11734.825305497086,-14766.902876218819,-5.7137081690556935,-7.626290080233568,-10.01216083552649,-10.46885093074695,-11.106485624635514,-12.01566186252439,-11.931556819442866,-11.071516766667095,-8.527559691933122,-3.8399052606849855,-3.331012949611953,-6.895460002732419,-10.17926820506744,-12.04408222027716,-12.697273077575028,-13.512213700990321,-14.116941419478149,-14.50733758476311,-14.709536304742628,-14.429240942235442,-14.489531847388088,-15.62515027467729,-16.493059741068212,-16.8784634463579,-17.00359909533718,-17.33466661977549,-17.432879277190857,-17.498023223915784,-17.961409293505785,-17.947969250419693,-17.883335910579166,-17.913473205060168,-18.20699968752873,-18.529589934323816,-17.75934930562637,-17.70050768270124,-18.009270504752227,-17.990251328000966,-17.939228059059435,-18.730553385506006,-18.83177610121521,-19.04960192694903,-18.542864525200578,-18.51456936822084,-18.506296787907406,-17.89273298036219,-18.181993611118827,-17.83570250438661,-18.427002205582895,-19.919541393470666,0.06809261881908535,66,0,4
1596,-1.4159709080710878,-107.71073204774393,3.4423449503705927,3834.126191911598,-17843.43415244334,11649.253622397227,-10.93906720485543,-13.696732009429349,-17.00599292608222,-18.753413401440003,-19.864746863648264,-20.582884751312804,-21.34530294389299,-21.39358498336889,-21.606967100893808,-20.370556334639947,-20.790143978282615,-22.883033736905762,-23.97995980779509,-24.342344062114364,-24.929822673571877,-25.05794028447198,-25.201387615123775,-25.157031438021427,-25.773331709103008,-25.775431207602622,-25.222609824749505,-24.956921626403336,-25.78384159843788,-26.151426438612063,-26.674114455082602,-26.682931475400057,-26.935650561459816,-27.443858397220907,-26.956337226852067,-26.310005386798284,-26.289513182639613,-26.964881502397915,-27.40353735269414,-26.833330569293157,-26.830373962325602,-26.893732886752026,-26.741002273853457,-27.086206319806756,-27.269725503336836,-26.936137363306216,-27.00637993148735,-27.720598011324817,-27.747755960992734,-27.377068350297122,-26.68428447140204,-26.116447852864617,-26.365603222206794,-26.45502628120495,-26.51540050948124,-28.03669858212644,0.09331537568352662,66,0,4
1602,3.796047783288295,-82.46595475678096,5.364683020195383,1607.9450228987494,-7770.147813357247,20121.072745853566,6.4914742408892865,4.280664751997118,1.1030575114700454,-0.25353786850249865,-0.7465101581354603,-0.4243719552708158,-1.2183805866569057,-2.12588963932291,-1.6064233388278355,-1.5149857630744135,-2.9116201523798124,-4.694429248049681,-5.244358911333941,-6.091290507071775,-7.421152226528899,-8.734367799101467,-9.72935516932094,-9.910534748369361,-10.39650096925531,-10.70821183128042,-10.871465350662069,-11.521793822583584,-11.915720637047102,-12.271863579790868,-12.81641202979989,-12.659859479054278,-12.87243529991602,-12.89491823384729,-13.41097932449613,-13.759507365943044,-13.87172568302339,-14.181388395727383,-14.507716137795978,-14.365738246884467,-14.26412336107826,-14.660780148793357,-15.06324774132006,-14.912348019710308,-14.863333782426395,-15.185227493211348,-15.15940769178362,-15.168563218496034,-15.128175377991557,-15.127548990740094,-15.08233365392583,-15.469210044310593,-15.481611963222035,-15.406248510045605,-15.88183883379762,-17.00465022938183,0.021487607242222786,67,0,4
1609,29.740476695338913,-94.80568571798925,-16.37130364426115,39016.07451860821,-15502.062722828874,4789.818702362692,-3.495285579980884,-5.528834716198629,-7.725843889501515,-8.304581024204422,-8.639751738407643,-9.11210247269804,-9.67445443110263,-9.628248183640547,-8.356708665032382,-4.9395301129044675,-5.379932183888323,-10.284056675426559,-13.28040356931783,-14.789884816183925,-15.568506486983576,-16.368866072814164,-16.798519811205985,-17.686847844161587,-17.851814222230008,-17.381220000505632,-17.750582037557162,-18.9565647167885,-19.61969832575943,-20.171765032284995,-20.388623183279876,-20.795611268316314,-21.560209122200988,-21.483842895042958,-21.74566481074962,-22.26884090087339,-22.184457718949403,-22.397262216635006,-22.718321729966814,-22.926597707951466,-22.974818587969402,-23.414647712993148,-23.83514511655442,-24.05001489891898,-23.868498728841942,-23.769189069817763,-23.324113589211912,-23.319959872747877,-23.963891743157127,-24.06329507199728,-23.793099750996625,-24.234420601835875,-24.48572910471507,-24.757543973697658,-24.93882746016164,-26.318943677393285,0.02648821510764865,67,0,4
1610,17.0148107244955,-110.06353255308404,-3.4740516888020627,15095.646858120845,9458.560526606294,-20259.44708111743,-6.5966469619956385,-9.276003696342315,-10.95642277915945,-11.580735854433872,-11.992903509230807,-11.795812415606017,-12.51717900348867,-14.284635284009113,-15.161453442119715,-14.435551155255123,-15.5889128581104,-17.685945812101654,-18.258388054405597,-19.034513333900495,-19.53773824912526,-19.80275596478775,-20.263436535606672,-20.646732155399917,-20.884530965754507,-21.227846360909783,-21.495714139927955,-21.677787773962557,-22.112372183130255,-22.216741774121544,-22.37520179136446,-22.40151130911859,-22.91317679402229,-22.993377217863387,-23.186396004417546,-23.301738525529743,-23.049682930586552,-23.309819902476505,-23.791324809057464,-23.527774295675297,-23.607043290602853,-23.4244310520588,-23.824643460179157,-23.591855766110644,-23.523291765221384,-23.480716809637702,-24.3044080516394,-23.69913241650979,-23.18562119382207,-23.427470709588874,-24.072332924526147,-23.921537218282523,-24.096371854718768,-24.43972597203468,-24.329408207772396,-25.20494530056171,0.03310958747727945,67,0,4
1633,-24.774926572130965,-86.93198362073484,1.9618131632861324,-29081.03879541855,-9647.664742594025,1791.8365484204173,-5.3407191452887215,-7.389442014000243,-9.580318662344752,-11.184824009467523,-11.12684122477257,-11.271993748511957,-10.91770817849254,-8.494407124535854,-4.022896105646402,-0.39245314342273013,-4.111089280185744,-9.521584199445224,-11.650551147478259,-12.16398082398806,-12.604094616469991,-13.240078102870793,-13.529088373527873,-13.518705792336544,-13.37870955591524,-13.34025540661068,-13.821125193330634,-14.59875397788181,-15.229084590304483,-15.752387907920426,-16.14563739531967,-16.1737289347754,-16.355193026673735,-16.27971381785892,-16.176465789816103,-16.479873973906752,-16.748184936689054,-17.19320559317626,-17.274682499250858,-17.154300066311873,-17.284232338405296,-17.347640676583566,-17.083912852091416,-16.69605589574632,-16.81648517866867,-17.450568153213524,-17.165910744510853,-16.95540531824145,-16.705461566749555,-17.231854707815803,-17.418848133092638,-16.951671966577482,-17.118782548022285,-17.469132731657204,-17.72382928913274,-18.82078899316349,0.0504398539258674,68,0,4
1680,-11.129524866414357,-75.12026228594587,-6.551153756662756,3809.113436609638,-26280.812408984442,-2566.196959910686,-7.038549173483273,-7.643770552133423,-9.344037982545592,-11.058971158058494,-12.684634305626119,-14.316590026552976,-14.961868497348654,-15.931276209922443,-16.856563467083298,-17.474397013128254,-17.106920247539957,-17.089433685681914,-17.33154392942062,-17.680520409930853,-17.274867145234083,-17.37262550448197,-17.15651024260092,-16.415096530247705,-16.022783865502387,-16.81544831205448,-17.153103788214842,-17.799163155642933,-18.910130421386036,-19.362641827467456,-19.699315830703352,-19.92370959142717,-20.64761606962776,-20.851838551656854,-20.992544197206833,-21.33978682514812,-21.764382062977063,-22.03701494227145,-21.590231996789406,-21.28928915191867,-21.918926814946094,-21.91614711774539,-22.222775946714172,-22.458191534272174,-22.75928415744259,-22.99009880424629,-22.810468074923843,-22.71443979010194,-22.44165765929022,-22.401722583521845,-22.76681190755425,-22.989008967375874,-22.997215522530436,-22.760172659130017,-23.093368668260087,-24.977214262044978,0.011450618297496702,70,0,4
1714,39.703648137493765,-100.55752313641898,-0.4374573728830931,-5513.9706707439655,-6107.425810314153,-2576.005809619772,-11.137875865302826,-13.414867722248445,-16.802224494228238,-18.973447638852935,-20.185483489837935,-20.759230846110412,-21.615686563869797,-21.90205152038145,-22.752356922374048,-21.924358813346302,-21.49430213004271,-21.686768777242026,-21.97637552657794,-22.95860297715886,-22.3304225112806,-22.097081628170177,-22.177228150374745,-20.94465573055075,-21.825199442958592,-22.57242542542421,-22.557172894897025,-22.531183450942397,-22.39133122774981,-23.741412703455286,-22.92707670476296,-22.613948316101585,-23.723604412474444,-23.255112732457107,-23.352145066766905,-23.26509618321506,-23.21638872887769,-24.826970517915523,-23.528395140320026,-23.4746955703893,-24.112886595860154,-23.281726644138484,-24.503587731537422,-24.66728311688962,-24.248781859285053,-24.512942931892656,-23.668268566447317,-24.803298302032136,-24.725432686918683,-24.752435982666462,-24.653278956734415,-24.12638612189166,-24.68148238829233,-24.395723026443157,-24.719554403367173,-26.72373182866048,0.015707456510486474,71,0,4
1722,-2.4945532940917925,-108.2216945713964,3.634863413651888,10678.461178004854,-10387.14571006455,16031.532035715001,-14.177280955625415,-17.074325039521906,-19.755146980625828,-21.263023381852104,-22.71796786057631,-23.916441108503076,-24.7785329956979,-25.442182940947447,-25.47698378922872,-25.79352158520357,-26.159190398673374,-26.319227196007297,-26.075125984957708,-26.853886683251954,-26.591420002228418,-26.291296633836172,-26.380419574176912,-26.92144309888258,-27.575880561914175,-27.679123649690645,-27.453920094082473,-28.273321685476034,-28.53293731961172,-29.057589285506673,-29.25794366674647,-28.694677452785182,-29.013284600533893,-29.320587338517097,-29.450386928475602,-29.81890960095108,-29.984614683149026,-29.815116098406833,-29.899074515057077,-30.2701446427624,-30.307049015851725,-30.154441366881876,-30.3639994313995,-30.605696287372453,-30.008414321691568,-30.491743713190708,-30.72257735390624,-30.408844619546823,-30.047656146888077,-30.83398279246733,-30.963881248585142,-30.478491052516187,-30.725159808855178,-30.63947318606861,-30.472351602044423,-31.868142015239922,0.0628889265132248,71,0,4
1776,13.12755276068401,-102.7850705957095,-5.449171248595936,3258.9544695970717,-15998.813097229486,3543.246578688962,-4.753714178468119,-6.9100081888313145,-8.835088924667774,-9.385199372943044,-9.170679749192148,-8.565889136990704,-6.608743704027749,-5.47614626269074,-5.415230106561982,-5.8569191847566255,-6.514651923926175,-7.302266544376945,-7.611309007997152,-7.562595283692852,-7.386130698603566,-7.183468271817062,-6.896119060374768,-7.277019778453741,-7.664373085537088,-7.676063903015871,-7.494718992808439,-7.593130937991733,-7.61448454411984,-7.7467869488369825,-7.572236638610224,-7.858879181435975,-7.840662517087082,-7.769117725015734,-7.7876188030544915,-7.839767968897555,-7.8926035621310415,-7.461990937499401,-7.880745464723564,-8.061881643700415,-7.924191478044918,-7.749745957013107,-7.946500650539699,-7.947178233644263,-7.656917882060816,-7.885952079350915,-8.07444285280028,-8.030164589081565,-7.757060479456981,-7.864979297841195,-7.818393154692476,-7.9460378646326575,-7.691952530447862,-7.762233669094902,-7.9189039119990055,-9.199441472909887,0.0020593354519650485,74,0,4
1777,-27.762746944132726,-98.40785416905973,-5.391117644742155,-8302.576343661958,-12379.442740976578,4258.77252962832,-5.927548481527014,-7.693781548885554,-9.489644653250371,-10.29253284621744,-10.487917414110932,-9.952687146674663,-7.772885248899861,-5.973991932491858,-5.659221897432141,-5.746575242109536,-6.534079796758519,-7.392489270400389,-7.935683421076904,-7.90181051527889,-7.564139462732767,-7.412550532412624,-7.467278758427339,-7.460941767158509,-7.502681302521468,-7.487699237469689,-7.578323556428581,-7.698942228392623,-7.873015350388934,-7.719817090816815,-7.748138239285733,-7.623797729589993,-7.5686501493835205,-7.771102995908031,-7.452119660414955,-7.815372759823606,-8.092197741505395,-7.98027421190943,-7.937404421141974,-7.5032704512760295,-7.988917797686518,-8.081546620930677,-7.867907796822884,-7.859257770241173,-7.8572562033797055,-8.050865665845222,-7.76348922163164,-8.215740156609199,-8.140932245730209,-7.869775566996395,-7.809191291701367,-7.9339309089788905,-7.810499145639835,-7.9759740120629585,-7.925080577932223,-8.89891724012527,0.0027233067419544484,74,0,4
1806,12.097616045831483,-101.71934659257914,13.591432789689222,-1468.9652161820613,-24724.326169536325,6111.7688315726355,-6.118561120973412,-8.970653925543475,-11.812855151231908,-13.109806390903495,-14.776906902604683,-15.932186728949171,-15.669389858864765,-16.021962343698576,-16.374835734193724,-16.129941493618677,-15.157624602683143,-14.89561159344035,-15.693032195069385,-16.139785868569813,-16.52601699482553,-16.571886075269838,-16.93578009039135,-16.675163422659907,-16.14832173345476,-16.12542522681846,-16.191467536175438,-15.771843388664632,-16.177668433823534,-16.458930211156822,-16.684747433409775,-17.63522792891861,-16.795380331031573,-16.274835293841306,-16.862746736835184,-16.919090788884787,-16.99296521846643,-17.051617696952622,-17.205732617808167,-16.49751705576587,-16.893992799231523,-17.214088603137494,-16.965370572061456,-17.27348661457252,-17.126324150322112,-17.02157433854627,-17.23603728871865,-17.086928353172283,-16.649574850887706,-16.66188884311737,-16.86167273971234,-16.81657035343643,-17.156854184913076,-17.01183795926771,-17.17540762855432,-18.587547687018887,0.014739087435656734,75,0,4
1829,-3.6337902149621946,-108.79896210527282,-10.42430349649669,-30194.60712972453,-18305.5878907644,8213.845536079003,-10.755854449385044,-11.631659145927465,-12.439621089764474,-13.633812960514613,-14.631993793418038,-15.889790572843449,-16.181404216288918,-16.486922726063924,-16.155486812956468,-15.928023230883134,-14.688226964996552,-12.199746419328592,-10.713186723064329,-11.771681543237646,-13.857992516993834,-16.086225234659487,-17.35395431315631,-17.535438649566256,-17.810759420092943,-18.142283426146978,-17.87849483537612,-17.87817370488458,-17.829885723270714,-17.871479293926036,-17.82050852569344,-18.262658995089517,-18.668769339233382,-18.955662400395344,-19.235021335784065,-19.98539447971222,-20.445126803988423,-20.549592031389807,-19.95638390719591,-19.892716246861898,-19.93935981338424,-20.522070262823767,-20.406689629312986,-20.26958551884322,-20.3502868507164,-20.780653439893243,-20.704032560380575,-21.033697119257162,-20.907139928491276,-20.58177235633938,-20.768050754817878,-21.275371354213885,-21.167700429058208,-21.51407029875871,-21.263880382898705,-22.713903039521565,0.01657173552283506,76,0,4
1839,-1.13298768367036,-107.67585789423863,3.077977970891726,2350.642127213471,-29259.478677903167,14539.694030910834,-11.70746776542453,-14.674887132267216,-16.05941849125742,-17.08924534582341,-18.175656239998354,-19.222496922257527,-20.225532124469193,-21.242204972879794,-21.65028248029015,-22.153437406379357,-21.097822899553723,-20.48739844489067,-19.616969942619637,-20.435967389157224,-22.465531309218044,-23.663449971292543,-23.798896298290252,-24.009625293469735,-24.18924066840871,-25.048644910965287,-24.891498329480918,-24.99863842835311,-25.001100787512073,-25.42862781323891,-25.23013818592776,-25.682485435659718,-26.31880283910354,-26.65392657958123,-26.533331196648497,-26.347418340244488,-26.421725815853463,-26.712275607968614,-27.206743707141015,-26.772436008038802,-26.656004836808552,-26.880523039192653,-27.246993572513553,-27.530934302275057,-27.64196651137215,-28.085857295019142,-28.13859396814477,-27.42610674516436,-27.747811879420297,-28.209130106164963,-28.172839004163443,-28.0847391124298,-28.125042559677684,-28.697657079482106,-28.4647431321609,-29.577634873235397,0.029759929048023617,76,0,4
1877,-0.5574933333629588,-103.8230622248222,-2.827540087182964,-24464.4838145525,-759.7242500611083,6389.212683778024,-12.620700362441621,-13.445231952404663,-14.776130975576137,-15.954687980236645,-16.661285637034123,-16.67205779748184,-16.974868414376445,-17.537663086622878,-17.227823693964087,-15.02575637061408,-12.441201562522293,-10.892781203908006,-10.836329997416087,-12.444825790269059,-15.023895216022051,-16.713506006457454,-18.016702733938867,-18.414139913531503,-18.621357410685263,-18.093125534208415,-17.99626703255051,-17.80467311747072,-17.420817479487237,-17.446685100920213,-17.94713863504503,-18.792135544043397,-18.899518919135197,-19.063122999064642,-19.459803284864847,-19.729800142340043,-19.613600633478438,-19.650619212294444,-20.127877826428314,-19.86928272637463,-20.085835809203722,-20.269275798419287,-20.440594108303657,-20.148635976842666,-20.44751885897625,-20.16656749391652,-20.318560660259028,-20.09598660279046,-20.578482546082398,-20.7268019710428,-20.678106496495413,-20.067978001245464,-20.66598150374855,-20.640960426140943,-20.5878897839099,-22.04266924214618,0.06894585615823076,79,0,4
1886,-16.663872918375535,-94.73239678564286,-38.27330751520977,6410.812887944095,-2969.7501477660126,2442.4744925703494,7.9306616038627356,5.17457757410231,2.1487444302374588,0.2990525336017882,-1.2768184616760316,-1.863433474513381,-2.390942257552198,-2.540113961803641,-2.5805559891815646,-0.9774167462090826,0.1312943011131854,1.2073981520397272,0.8707139925664136,0.201687428226541,-0.43130846045795346,-0.4556631374823531,-1.1263027539245665,-1.1236400712493089,-1.225200817226937,-1.4043786480643916,-1.4230352850438401,-1.4278164638329716,-1.2905614667689065,-1.1678991922469575,-0.16668599011868435,-0.39756300000175665,-0.5365187534448235,-1.0246258858679658,-0.11561297038657178,-0.5894881404838492,-0.9957174688467276,-0.8959572665351931,-0.9355870398038795,-1.0053098862716117,-1.1396483525682624,-1.2718118580110822,-0.702573247916099,-1.2728163775695602,-0.8234036973554947,-1.1566557864519955,-1.33592358315861,-1.1168513981584716,-1.1297200274730475,-1.2958707736436046,-1.6824569902828914,-1.106644427638516,-1.4247782602929204,-1.3345328715643356,-1.558722025498913,-3.109354623345881,0.057631477597130915,80,0,4
1891,-9.448982573788658,-105.44820204583799,-5.19784612253064,-14296.470002432929,-10649.347862492818,6818.615510081747,-4.4949552413081175,-6.817610659485901,-9.639680675978957,-10.905950775679383,-12.237212682701703,-12.587722105239571,-13.118133293383291,-13.767950837931004,-12.770850291267449,-11.676530819606462,-10.786439494552605,-9.500666765981753,-9.391318626948035,-10.766821605288444,-12.169045040604074,-12.679359835570619,-12.306075310525994,-11.794782760491106,-12.184579301310771,-11.889248345444255,-11.666226112972112,-11.971619632876799,-12.05957909994584,-11.572314736752919,-12.21575168280047,-12.202018658876263,-11.31781490062195,-10.873567150006364,-11.273165172925236,-11.734705927413213,-11.326885111725709,-11.653435692090461,-11.105781625047264,-11.129900596294304,-11.878935576065981,-12.08508806602702,-11.567171614603133,-11.60639314336505,-11.200298458504324,-11.252182780017241,-11.632035275876023,-11.453640197956464,-10.736283439012723,-11.131513200966916,-11.511298586569756,-11.976793360490163,-11.053099727217898,-11.018899497033063,-11.828814567734103,-12.752657402412007,0.02501372002116138,80,0,4
1907,0.6802936496057111,-76.8791811220592,-2.5803369953692545,1809.2221717567838,-10982.200665118751,25786.547382163728,0.5468761899623651,-1.2771705031479474,-3.27072517476994,-4.049296099431124,-4.86933588313542,-5.701441620100938,-6.153400994355069,-6.525228673063978,-7.137656185530815,-7.640445240581198,-7.387378303329577,-6.005944292271698,-6.29812809701913,-7.878808679074899,-9.49457050249339,-10.098090466858885,-10.233164337173196,-10.43734354571042,-10.347064935325246,-10.24827480597704,-10.161328348949807,-10.242135384118537,-10.390507727389304,-10.570027449131327,-10.789999138948868,-11.056009204257553,-11.441807056635874,-11.868935425828477,-12.022982007571672,-12.30400838098997,-12.308183313963534,-12.515106873667413,-12.509900886114886,-12.386791630677967,-12.803453790388733,-12.859889156055209,-12.71458311044958,-12.93441508677001,-13.050314546094326,-13.08984895549714,-13.142835100305003,-13.2687904054883,-13.474348182198241,-13.533540467240018,-13.394030421246086,-13.480984889062402,-13.512600032261934,-13.90413450061687,-13.81575112728886,-14.473971442815026,0.08196824848887123,81,0,4
1909,-12.17230541382141,-106.96189080983159,2.9371804913412656,-4062.896980678293,-26001.04324403866,2902.808981747188,2.346249875165468,-2.0310922486598897,-6.436423549181235,-9.641044734931693,-12.22782960112787,-14.282393063719043,-15.775891252193494,-16.75317447944441,-17.447701059382656,-17.208769830058923,-16.50287662816781,-15.895468296806737,-16.08845820717061,-16.739211249611262,-17.40255226740721,-17.837952328377163,-18.28056864190383,-18.194326703606556,-18.105472829454136,-17.83403072681317,-17.75010295819706,-17.74117539137457,-17.675152924065042,-17.718895377235672,-17.719534245181208,-17.67138736965244,-17.857676997986513,-17.74621025296563,-17.783462520985434,-17.88443083516934,-17.809336773305773,-18.08897910312529,-18.168783279047652,-18.04107734955727,-18.212668376730583,-17.930907575055084,-18.084434454883414,-17.823159103525946,-17.662438831243104,-17.669765541722175,-17.304934464021255,-17.545104106683667,-17.60790756965541,-17.541000674447222,-17.792894078804164,-17.804569288269718,-18.125804649773507,-18.173911203489897,-18.1096282807565,-19.317216463898205,0.015546959452098707,81,0,4
1941,-33.84105621862184,-103.23818755729957,1.596708849931503,-9873.276466017342,-17993.560074303285,-982.975685258958,-5.091321982933922,-7.328135997142589,-10.564967339458597,-12.957212615178246,-15.19338818467596,-16.929212190711894,-18.522787650151788,-18.80364428899093,-18.237254612352057,-18.58765987049044,-18.89460202192431,-19.394877451424858,-20.131335269329597,-20.489520211528838,-20.691830573174045,-21.344348895058552,-20.71000569463464,-20.24124384554017,-20.553585511791127,-20.127637898460442,-20.301774326402505,-20.640852289263776,-20.779609575228548,-20.227200534447466,-20.50956609346397,-20.644364763101706,-20.940677893438426,-21.3563079394137,-21.134711959798103,-21.351950227778236,-21.354468433445785,-21.01338804862738,-21.2451012097533,-21.073710732234833,-20.882927081750907,-20.674809182644243,-20.666193267568254,-20.731478412608443,-20.886357931580513,-20.76357992431307,-20.602866369342575,-20.230756280981094,-20.08971150929002,-20.63841738546706,-20.144309069990673,-20.396673033243893,-21.11886050111047,-21.01060660912843,-21.040374757328216,-22.13252653062867,0.049143617949794896,83,0,4
1946,16.349465972783474,-116.02281470924449,4.603419143730968,8740.471328016814,-15627.99357113231,-7939.4589781404375,-6.382425672960892,-11.915442421739028,-15.89241051270098,-18.372756707354053,-20.70939623397475,-21.870036851838282,-23.38045975630946,-23.413957469137646,-22.043470085900694,-22.18294436828043,-22.055363642708798,-22.453164645710892,-22.874642227497624,-23.105218511963017,-23.42713114633371,-23.504329028777462,-23.41087256772213,-23.228247872441177,-21.825731610975474,-21.89380275616282,-22.907104342356725,-23.42291449856214,-23.096892273646894,-22.38181599916767,-22.515372361997134,-22.30888734271594,-22.61569585365728,-22.988122966681317,-22.12793417712595,-22.419591171024944,-23.196618171529124,-23.30347939092878,-22.62324821382011,-22.462007459629326,-22.892297356212158,-23.12881198672531,-22.840285322139525,-22.81741572372563,-22.872379216701027,-22.06781056490162,-22.135094123626025,-22.421051495156252,-22.353742996949663,-22.186442628268015,-22.60438089730339,-22.17514283216633,-21.935246533421964,-22.515976589584056,-22.41988138141959,-22.925962241006545,0.10929653930536429,83,0,4
1970,2.2588343509894777,-107.4177542542281,4.333814864246714,-10649.599882017286,-23069.404197918055,12557.005536959641,-9.843890487705538,-12.956782060650667,-15.475643964333194,-17.025666525893065,-19.14221870188016,-19.987033381145206,-20.53559626327238,-21.270461854964324,-20.887331174332356,-19.91501232886134,-19.941920128954603,-20.39246156173909,-21.117213422929062,-21.9778625137399,-22.447250647490804,-23.24974647338764,-23.84000998106279,-22.421016975775288,-22.402274971564783,-23.17833857841606,-23.015534003338068,-23.137242128451327,-23.04317445600273,-23.17949778966074,-23.079671343373303,-23.058966170793465,-22.839536403663967,-22.801126157705983,-23.609702790334733,-23.391338168731558,-23.626357953935372,-23.3386286238944,-22.94283837311844,-23.036899795682135,-23.383556976657655,-23.388421089443447,-23.36083860683899,-23.102882694807757,-23.05225547544007,-23.602038919264253,-23.32110982970397,-23.457504347962104,-23.94303084517628,-23.075200704842395,-22.590318585986626,-23.271454395225213,-22.998163211706164,-23.27291095263375,-23.25911002972749,-24.42885550938982,0.1064117708309811,84,0,4
2014,27.034984090344725,-106.2416935903733,-0.11059478605106635,7679.31572240639,-10315.951628310817,-1289.0042587209655,-4.366605598790192,-7.91985682970871,-12.072851625317803,-14.429744972704997,-15.34297063401453,-16.61053914177006,-17.15518656942381,-17.0715759729527,-15.970368310068604,-16.335207379417756,-19.203014976957967,-19.74347394442331,-19.972241295301917,-20.47614253893604,-20.83512741976533,-21.14172727167456,-21.9791903685384,-22.285875878298658,-22.054156276343413,-22.59626765474296,-23.052056712526134,-23.30316156224939,-23.631091714524036,-24.00229281939896,-24.039932917592797,-24.208836250097725,-24.581666942835113,-24.789718326648416,-24.95497016901752,-25.14178732306357,-24.813306672133585,-25.094845804583223,-25.720991998738928,-26.14858049544796,-26.101499107495528,-25.9153138273591,-25.635149851742,-25.050139095893016,-25.53637359789802,-25.104451521187944,-25.47620842836777,-25.863982631673117,-25.79243675924058,-26.287939415760782,-26.238766970639457,-26.0728731066563,-25.717926316383956,-26.058126941274445,-25.604844609102813,-27.25705855628827,0.009907753741262407,98,0,4
2029,21.88068675505778,-60.21996849895024,-6.96125894784227,5758.680791247342,-26270.42610075344,3679.9768259214143,-1.9157975977821506,-3.750130920813659,-7.110599906930912,-9.04161044396903,-10.139794228861007,-10.526378636437233,-10.848836150152696,-10.508755681557727,-9.16337934493396,-8.197911796978296,-7.654640849963849,-7.094012978422929,-6.88693013336653,-7.315733432016295,-8.979566377238884,-10.357701566861657,-10.82550122121333,-11.15481831175324,-11.995203911921895,-12.534075107125826,-13.088358343424623,-13.40709399626629,-13.491324954949363,-14.232892836389672,-14.688311398175156,-14.928780213147142,-15.378811192267356,-15.55952818673851,-15.660926182135693,-16.04619679054206,-16.52030695573383,-16.801273332967465,-16.733220615990092,-16.94894700804887,-17.222882332491945,-17.270125316011043,-17.929587563390093,-17.78608255968743,-17.815584214424632,-17.67426703490949,-17.571345587111015,-18.336614652822426,-18.38920993150746,-18.03654398799955,-18.13452402877727,-18.092164112549483,-18.17919220069642,-18.476118378267458,-18.452715891079215,-19.780877957123483,0.018670249321205756,102,0,4
2034,-11.816857120897776,-100.08539460055275,20.43013638610929,-1147.436278396521,-13032.618809995307,11339.773188410272,-6.220304234740687,-9.005475405275131,-12.067786828172194,-13.548120820229112,-14.515409564246,-15.026085792924437,-15.443084389982502,-15.336919461311568,-14.073896228649884,-13.707776876134155,-13.567392854161442,-13.63475228575815,-13.813799448523874,-13.432469125460857,-14.090677530778189,-14.776820765311278,-14.891347215956408,-15.835256796491663,-16.67597832256215,-16.80122675047229,-17.02533772499087,-17.231993410850283,-18.07705260886958,-17.890595548576606,-18.20815600177245,-18.659203811771363,-19.231932895387512,-19.716592145549058,-19.632082628334,-20.062700535223918,-20.744579947092458,-20.420455082300023,-20.644606284138053,-20.62104282761461,-20.69171549350354,-20.984892768653722,-21.498407365117394,-21.0177832221278,-21.206959487565605,-20.901179283302554,-21.103056932023243,-21.55853747454536,-21.430898764803064,-21.732231595495804,-21.723168265439927,-21.653196175168482,-21.725493491648386,-21.346681025349255,-21.862066643473295,-23.071497915406663,0.08620036633910377,102,0,4
2040,-28.944424270962507,-102.28618090726454,-2.057667757428369,-19101.878058230464,-31758.881191683497,8889.035674528297,-10.858806747568874,-13.853069782132064,-16.566836169110776,-17.896361792590522,-18.545396678620744,-18.512115427869155,-19.51912140550611,-20.113081476650127,-19.786211731958797,-20.072412939229928,-20.46757087846501,-20.221205599361845,-20.12198917087141,-19.674254556064607,-20.24478533559073,-20.509034399340376,-21.413126989307756,-22.183207146851874,-23.2197145156867,-23.64909411067844,-23.81071520032441,-24.07761054745603,-23.994240337924357,-24.153939394149027,-25.179671084898374,-25.322900876011538,-25.3994495135019,-25.45078182298965,-25.878622976473082,-25.872863714682026,-26.492898679951406,-26.723991187208117,-26.640334269887443,-26.84305427515447,-26.694858367280226,-27.077096775377598,-27.45937679270828,-27.23188660433548,-27.568625073091756,-27.45180175550159,-27.596846910278252,-27.72088305198151,-27.43945210452268,-27.714803567514178,-28.20819571283824,-28.45959509938509,-28.313966632770207,-28.155922495860878,-28.053561895789315,-29.510016327182974,0.054075591500730644,102,0,4
2069,-2.190713364063768,-114.71738450196332,2.648202350790041,-4801.085553591304,1068.604679580597,24017.955867052533,-12.388245854540136,-15.301267164888163,-18.09509125007168,-19.86621270330025,-20.419914341098266,-21.120683208035377,-21.91868736689048,-22.541313570703757,-22.80630189466234,-22.44066301362647,-22.411294576630702,-22.493719791007933,-22.86602482314799,-23.390202315429335,-23.92327380823009,-24.62722846458526,-25.23604623559679,-25.954343549082676,-26.509571818699037,-27.09934705887906,-27.259625885561128,-27.7411882001182,-27.766253782983693,-27.729651637947907,-28.41889427848358,-28.67225461032411,-29.457534641762955,-29.914398921340563,-30.23263585033808,-30.327198188380624,-30.018841557330767,-30.409418991487236,-30.52399865566342,-30.359916271234813,-31.037531661958475,-31.156894119595414,-31.337158679149567,-31.24331125389017,-31.48732548044048,-31.673351930833395,-31.554851653250083,-31.526438438751892,-31.41871857473703,-31.792040616502373,-31.946538934114738,-31.92279278074501,-32.27894619867403,-32.414504219070956,-32.19658105440356,-33.455965007654804,0.07903710954856945,105,0,4
2074,18.89545391020932,-104.82294075166482,-5.590206359223634,11665.306513576013,-18152.31990861114,1577.3408385205753,-6.195008379555774,-9.914713665511275,-14.461169119114812,-15.969673291436251,-16.307438446466314,-16.3403919295196,-16.29165820666855,-15.959258957769915,-13.675680465351455,-11.819852281431025,-9.735540330567542,-5.786701981190159,-4.765036975242502,-7.4283191220756875,-10.40363789956768,-11.159491804848457,-11.92479473769049,-12.269838476329031,-12.303889756454646,-12.168772663446774,-12.114700868258124,-11.404008470385463,-10.81064662237667,-9.689352480546102,-8.856135853091399,-9.587865524120865,-9.915216380514183,-10.201436707647131,-10.558490891262016,-9.682014238803308,-9.696094248573901,-10.00164648541767,-10.061041079347833,-9.481447762800329,-9.337116722261415,-9.53402081152966,-9.790760712381914,-9.123029826505068,-9.287411177271837,-9.376440562568769,-9.583798482815507,-9.408560774433129,-9.265600736877786,-8.858599760530257,-8.995201038508394,-8.607482119771289,-8.78070975155325,-8.860178116905942,-9.19919282878888,-11.039163493464564,0.012181149417064895,106,0,4
2115,1.1849027155422678,-106.25176334813871,-1.0904393492705966,1725.9187252827462,-26770.73386861759,28246.127585576585,-11.4640643259,-14.149404539462928,-17.157536103901208,-18.511114843989457,-19.95818104759965,-20.656923406222162,-21.256682487320813,-21.165532526044384,-19.8739468349293,-19.366410596306867,-19.908134202244195,-20.23478337846171,-21.47042525264609,-21.90359233429167,-22.20169640107345,-22.166865145952947,-22.34046761763225,-22.13376418710295,-22.36608274431607,-22.80661881520514,-22.975849069179315,-22.90598846328169,-23.79181960011482,-24.732135432874983,-25.276106628348465,-25.867197369112315,-26.252490154046562,-26.389361551373433,-26.716127231550292,-26.938832215349606,-26.78472965923303,-26.430958453135606,-26.94279770025817,-27.21681595193635,-27.136034241732006,-27.596667590686742,-27.567543258997922,-27.790204160075124,-27.146735347259998,-26.80591460506538,-27.436777489748692,-27.797516916483616,-27.80351462888997,-27.78183491799535,-27.824879298308687,-27.724161711766744,-27.717638099407502,-27.76693445748719,-28.224003194055452,-29.01167587655625,0.07125970338867105,107,0,4
2118,20.317018550340666,-101.75847187101029,-14.280306941934258,11736.03053451239,-28639.88670445607,-5265.051012048485,-4.094114442747536,-7.10037313117793,-9.531393904906341,-11.171607402451684,-12.558814423692937,-12.712207447109558,-12.39597140494869,-11.429166328907305,-10.85443233447284,-9.611409176317888,-7.014477587624251,-5.10443275765544,-5.348206781527764,-6.6072998381237,-7.953769632163885,-8.749541576925331,-8.893601411218093,-9.393490644027093,-9.58411877450304,-9.654818237611503,-9.180763117355665,-8.954027860741103,-8.809366633708777,-8.586352900513393,-8.516274516983167,-7.988262461087995,-7.776854186411576,-7.641371521055412,-7.331035644505438,-7.191347728940281,-7.3330568074077185,-7.406958213691387,-7.324226023360209,-7.040726940365387,-7.231798198580709,-7.096232051768575,-7.619739945745146,-7.131192833405002,-6.7012936906554526,-6.329229305642826,-6.603777107281735,-6.926274253775981,-7.068838399006423,-7.080627867586871,-7.0759424204654255,-6.663205353264987,-7.185835910382709,-7.278901970933215,-7.207076576947099,-8.28192473966064,0.004198317403279902,108,0,4
